Date,BTO.TO,MFC.TO,CVE.TO,ENB.TO,ABX.TO,K.TO,HR-UN.TO,KAT.TO,BMO.TO,YRI.TO,CNQ.TO
2019-04-01,,,,,,,,,,,
2019-04-02,0.0,0.0012911955705137818,0.0008233950698180324,0.007807820708436943,0.004461824642094061,0.013423007444649979,0.006398030013888543,-0.04082201687199717,0.0064827885800556664,0.0,-0.0008073666471278215
2019-04-03,-0.0027434976786608837,0.008138940934396521,-0.016598031025089235,0.006527925483699346,-0.010067220424520244,0.008849606874565697,-0.00042517070753615623,0.02061932901721869,0.0004893437564034914,0.0,-0.003775653147148002
2019-04-04,0.010929117081234832,-0.0008536894004751135,0.005840810376239641,0.0010162193451959916,0.017827961272716436,0.026088411742531663,-0.004262470984097784,-0.041672718399676796,0.00117346448528635,0.03230826505998769,-0.00027010140806709636
2019-04-05,0.01884310292060912,0.008503516700023106,0.04553620881599756,0.005469450375682344,-0.003872788475585144,0.0021436726244676144,-0.004710072808593783,0.02105338938245812,0.00029328695721948567,0.0,0.03739985866319299
2019-04-08,-0.02977222000184376,-0.0008470966672447664,0.020457087829271983,-0.0016175191796732507,-0.00333163484408303,0.012766118518452095,0.0004290902764380542,0.0,-0.0008798082186487068,0.011494205525751418,0.013447404016833045
2019-04-09,0.027101980160286372,-0.0025456884975608306,-0.007034043566981518,-0.005681804281701467,0.01600035153845329,0.012605196922655411,0.00042872958840913444,-0.021053389382458158,-0.002742176443408398,0.019802686690748274,0.004613076091215336
2019-04-10,-0.018893964735545724,0.00677409824977157,0.04673384336991072,-0.002241050026152432,-0.007692409057610799,-0.016842487331475132,0.006411792288606246,0.0,0.0008822230535505933,-0.0226637895692917,0.010428678813845165
2019-04-11,0.0027211016564939895,0.012578667811655786,-0.012806224887548274,0.012566116651486218,-0.009977824395762615,-0.012820676019081425,0.006793872539665013,0.0,0.004692115455742293,-0.020261174036744153,0.0017695460785814316
2019-04-12,0.005420025550037618,0.007058388619649007,0.0,0.005623604891308327,-0.0022309632025987627,-0.006472559785504095,-0.0006377322131560716,0.0,0.006706514738813993,0.0,0.004284889448254496
2019-04-15,-0.013605644952611485,0.005364101694976524,-0.009139336766813212,-0.00140291885769432,0.01880592741575679,0.010764407694953368,-0.004691975655481582,0.0,0.0029019422137388216,-0.03571811462665971,-0.0037797760824782732
2019-04-16,-0.02777961685559635,0.009828065711670124,0.006862339989869675,-0.004825167998426189,-0.028343199249074698,-0.01076440769495334,-0.01464297820430174,0.02105338938245812,0.003278775619592152,-0.07550762409250507,0.02246717941172366
2019-04-17,0.022285074007491173,0.0077125839526749045,0.029942388521044593,-0.0020172285403844132,-0.005652926548738107,-0.03077162963851731,-0.006092206371594064,0.0,0.012628016530688551,0.0,0.03134745448335047
2019-04-18,-0.002758700550625144,-0.003645894113506112,-0.0044346562696923565,0.005437506734392972,0.0033957413416925413,-0.034055526289818935,0.009556900792895921,0.0,0.0029426967379970054,-0.026491534061805072,0.0033437110283497076
2019-04-22,-0.013908289754537138,-0.008559111087884595,0.03207271967934194,0.0010036128136331763,-0.023436326178067308,-0.0233655268272645,-0.011304203599333238,-0.021053389382458158,-0.0005688569192013977,-0.030666805667276874,-0.010787608918730063
2019-04-23,-0.00843890451136935,0.009775940445190099,0.005009021867893882,0.015331492942038418,-0.004637934871912142,0.00471698536904043,-0.0074611677226901025,0.0,0.001800308854559561,0.010327061618352196,0.016256698989035458
2019-04-24,0.03333642915230715,-0.011824818993858113,-0.019460120827841643,0.00865626835352577,0.004059409758590798,0.030129767580092396,-0.0026467970230467167,-0.021506184544051773,-0.0024644222145448727,0.023689760083189036,-0.022057950787798816
2019-04-25,-0.016529306319528914,0.002867125783459138,-0.0007280767450180463,0.0,0.0028891734210834373,-0.018433683459957186,-0.0004417241585092898,0.0,-0.0002847766321406841,-0.006711373537780526,-0.013177391449379698
2019-04-26,0.01652930631952888,0.0032666345196339275,-0.019118195917942664,-0.015198181780018045,0.009761920462378863,0.029784478250836317,0.0101122288334292,0.0,0.003317108037991182,0.023295471333462128,-0.0049249133448270414
2019-04-29,-0.019310961157391133,-0.003675674445964638,-0.005956763774459033,-0.003187352567789092,-0.02781177729383379,-0.029784478250836275,0.002621179024815995,0.0,0.00678927473678815,-0.02666816567913461,0.003941849010396925
2019-04-30,0.013831471991059883,0.009366733136729692,-0.008249051648652127,-0.01264933395990681,0.0005873601776717344,-0.009345853047052549,-0.0013097306902187884,0.0,0.003882005760788487,-0.006779624964029495,-0.01112625224162492
2019-05-01,-0.01383147199105982,0.00121543104357805,-0.049392730065811956,0.0010096934364128905,-0.0070713084453155,-0.03341607842489527,-0.0013114483345971432,-0.04445178612998185,9.460752721491509e-05,-0.02409762154216822,-0.03285617939502154
2019-05-02,-0.00839169366451948,-0.0032442764074201236,-0.030524469486304776,-0.013412092840181139,-0.0035545514246051683,-0.004866185134600146,0.0,0.022472834779709055,-0.0009454360759537681,-0.039081292551047433,-0.029728357427668977
2019-05-03,-0.008462642621512058,0.0133147900704917,-0.010660188145235509,0.006728490629224529,0.0035545514246051297,0.007290484232693631,-0.006143086692694875,-0.045462330951949494,0.0035876298044403587,0.010810860719208275,-0.00132433019412086
2019-05-06,-0.0028368934945344894,-0.012502774063955176,0.009027513003058192,0.003853657950266028,0.0011820103829220296,-0.00242429909809359,0.010072372568221724,-0.04762807434573984,0.0023532457697081604,0.024779932368479744,-0.0013259777008793965
2019-05-07,0.03900219093795718,-0.018845248925511055,-0.022305647766003474,-0.0022292417337252753,0.011160184924807881,-0.01467017606458078,0.002176293595933751,0.024097529080210435,-0.0076447820545208316,0.003490499463359484,-0.010404512548002308
2019-05-08,-0.033336429152307105,0.01151317640242567,0.007490607467815366,0.004655480022126568,-0.010569703251525517,0.02673309458668794,-0.004794131136863449,-0.04879011804678987,-0.0007581500652014334,-0.028270431831839252,0.01648982851787742
2019-05-09,0.011236053965005644,-0.008622370066672517,0.0,-0.007093053757643714,-0.01846949888184699,-0.007220298519253685,0.006965520914251273,0.024692588966579433,-0.008761156950055686,-0.014440639246001648,0.0005274918103275498
2019-05-10,-0.014064922256121208,-0.018731116348211854,0.005787527295129906,0.004869220150670699,-0.03301022573746183,-0.014598785870792663,0.009069455485023737,0.024097529080210435,-0.0037372227389179764,-0.014652230552358947,0.0007905545656409494
2019-05-13,0.01963599112389381,-0.017131087060708507,-0.029278689070108315,0.017852218239228605,0.03120477851883235,0.04785608889777288,0.01239073713344907,-0.04879011804678987,-0.01255938204544522,0.03978819015281238,-0.03539244830251809
2019-05-14,-0.011173348502381617,0.02052236703172898,0.0234911617749785,-0.009569029836033274,0.011380785875348454,-0.016490401859018,0.0021208185474087143,0.24294614500973177,0.004365313753101557,-0.028778961431638043,0.023733666777652863
2019-05-15,-0.002812953521356074,-0.00636810312343932,-0.01672285592950542,0.004268644742600485,-0.0011918721564685634,0.011806557254079482,-0.005336654701874016,-0.040005296451461676,0.0026101313636644457,0.00364300183118454,-0.005344646862751137
2019-05-16,0.011204647185875657,0.006791216023544265,-0.005071929857418687,0.012297412055239976,-0.023530623075203396,-0.007067216442123096,0.002138185234900454,-0.06317890294372862,0.004142839657876895,-0.01096906326140479,0.0037441297772067028
2019-05-17,-0.014025467994915964,-0.016635095324590513,-0.014511591908450189,0.011751872350646841,0.0042643168077584285,0.00471698536904043,-0.007288419927821864,-0.04445178612998185,-0.005688739093391593,-0.003683167290954195,-0.021314661396558254
2019-05-21,-0.0028288682911154976,0.023380418932860757,0.009413890001109699,-0.0023790048417303695,-0.012232569155447365,-0.011834503060066504,0.0034362312320034977,-0.07061757051798023,0.011631802845131885,-0.04529079797211278,-0.00027282946490680466
2019-05-22,-0.04935689939644503,-0.008438766987599211,-0.022395469978266316,-0.007771226521499094,-0.014879274488802937,-0.00716842576963888,-0.0025760438967608987,0.0,-0.005366360481884494,-0.023438641367103587,-0.017611728208905556
2019-05-23,-0.002980640921756397,-0.021847179610601657,-0.03366112310828207,-0.0036073263941426743,0.007467221622672206,0.009546602648708645,-0.005172434268483954,0.0,-0.021464541491688475,-0.011928509912749637,-0.03388245790458923
2019-05-24,-0.012012208354903535,0.007335639131799597,-0.0018035395414679643,0.010782856884918724,-0.006218746059522739,0.0023724215749720582,-0.0008647382761263698,0.0,0.01693799209402914,0.00399193679200909,0.004870449910018207
2019-05-27,-0.003025661416942263,0.01747316628742989,0.013447091296984539,0.007124487556890901,-0.00625790256595448,0.002366919236984209,0.005607215231992799,0.0,-0.0007725018322942289,0.0,0.025674890214559386
2019-05-28,-0.006079072220913895,-0.01919438406274072,-0.0026749386254388626,0.009616490419020579,-0.00314366802690466,0.027973825609759865,-0.010810875100234981,0.0,-0.004647508656266704,0.003976064572560664,-0.01261394728024526
2019-05-29,0.05342518315639253,-0.0034512638119024324,0.010657175545397584,-0.020720981346664995,0.0,-0.011560756120584237,-0.00566815767823091,0.0,-0.026453242088175767,-0.032260765034484384,0.037646216404907035
2019-05-30,0.014347441299183795,0.0,-0.005314347325631175,-0.010423079018812122,0.005037758714621198,-0.002328343008603325,-0.0035042299748815056,-0.024692588966579474,-0.01071985388857419,0.028284700461923794,-0.007635763527426266
2019-05-31,0.05001043557282801,-0.020079189181742875,-0.016114980891312032,0.002615912340838282,0.05439771791278787,0.029852989302822812,0.0004385443208754634,0.0,-0.011752962746021068,0.07666601245995668,-0.0005476011752622237
2019-06-03,0.0476280006230727,0.006153860248356072,-0.020976613499466588,-0.048167417685711825,0.04876185892341698,0.08039069010826634,0.0008766908649010626,0.04879011804678982,0.002646241299365496,0.032670787687808886,-0.020476583765216327
2019-06-04,-0.026179429805147075,0.030638927902619333,-0.009259267340315177,0.009653848001551836,0.003958208743415613,-0.004184102557331055,-0.005712816848046172,0.023530545265529484,0.014631299695393169,0.0,0.006687043645699119
2019-06-05,0.013175351384190062,0.005932048905410509,-0.03695354586017466,-0.0029282270263594093,0.0022548036086881503,-0.008421094365324252,0.007464342311679937,0.0,-0.0007014798878380274,-0.01801855713544982,-0.03475403746863325
2019-06-06,0.015584798003909049,0.0012666592572932228,0.016276025335026086,-0.008625330525114903,0.018410626003472454,-0.004237290408819877,-0.0004376607886442243,-0.02353054526552943,-0.003816428773472828,-0.01096906326140479,0.009727947747022103
2019-06-07,-0.031416204781494816,0.001265056861095153,0.038197525300056434,-0.0040224075249409765,-0.004432055447410245,-0.02146003015700477,-0.00043776311518581144,-0.02409752908021036,-0.004134087265843766,-0.01109062972272428,0.010762108414074312
2019-06-10,-0.032435284864881925,-0.007189741493653041,0.0036495983899128824,-0.00403873765311057,-0.00948415867598848,-0.01310061108785824,0.00915231297894891,0.0,0.003630879145082206,-0.045635428544197366,0.0033746557928713613
2019-06-11,0.005479489166331324,0.00042445329507920026,0.01715622934551284,-0.016103319255563298,0.009484158675988568,0.00438596758616891,0.0004337757137961867,-0.024692588966579474,0.0027144944094777534,0.01926847612145894,0.014769625365690889
2019-06-12,0.026955795698550524,-0.019276777383296372,-0.01351972394526756,-0.0132915224703438,0.016520016451744664,0.01950217292459431,-0.0017358785433930796,-0.07796154348338225,-0.005638296289354643,0.030077453193571687,-0.010287841146432816
2019-06-13,0.0026560553933957258,0.0,0.0216419550888891,0.0037220548428068697,0.01032345073999785,0.027514988065574914,0.0037042151697393583,-0.05556988107220008,0.0011100102168513756,0.014706190382111125,0.004930616927626202
2019-06-14,-0.0026560553933958476,0.008613298834379772,0.013292139298801619,0.010651127521770748,0.008611402732951622,-0.010493316039269613,-0.011373868340506755,0.0,0.005230813473836183,0.0,-0.00028120298342469734
2019-06-17,0.0,-0.003866835926003387,0.029490426305029915,-0.00672533367511917,0.019108956118410715,-0.008474619285550513,0.006140474450381686,0.0,-0.0011042159212407208,0.03231879840215563,0.016727596839885384
2019-06-18,0.007946968964467331,0.021295602673493706,0.01526744682122148,0.007805738652625427,0.012539210934090524,0.027283983734507068,0.016478914377687687,0.0,0.00949682031779516,0.044912521013067516,0.006887852247041027
2019-06-19,0.0,-0.0012650568610950163,-0.02212859110923837,0.0025884601046295692,-0.0010388167298197375,0.0041322334173704315,0.0034351121942074138,-0.028987509324886983,-0.0025901678878494584,-0.006779624964029495,-0.015216730991156361
2019-06-20,0.015707197248922687,0.009657869644880834,0.017910994241893484,0.005799696279107793,0.04968067303905564,0.03842738922842978,-0.004295649797715498,0.0,0.001793907480546734,0.09097172831898948,0.021239264693499668
2019-06-21,0.010336053526908218,-0.003348693659086493,-0.014474495792762537,-0.0010715465672820601,0.016675262728528692,0.021590658679159148,-0.0069115303035901365,-0.0606246546866435,-0.0048910179669101345,0.0,-0.007946354961667821
2019-06-24,0.03287282290724872,-0.00125868782259207,-0.006884762767858495,-0.007532545723379734,0.040510656738816764,0.00966185571400704,0.005619333818874577,0.030771720754924695,-0.0016022491661528482,0.036589408000857415,0.003844059573397771
2019-06-25,-0.012515920934289632,-0.00041991491945375604,-0.0043270978294211405,-0.00955077318809802,-0.015533433702143865,-0.015504172207925167,-0.006920498126641405,-0.030771720754924767,-0.008757408115745846,-0.03348854668896305,-0.004944826831141894
2019-06-26,-0.0050504767883494135,-0.0004200913220700605,0.02145073012304014,0.003483477007505002,-0.012891079067397322,-0.017734390876625858,-0.007843096310185366,0.0,-0.003950826463364115,0.003091126950681977,0.006314203272120627
2019-06-27,-0.015306425184609737,-0.0008406296468902012,-0.016260471915104095,0.012312639889331,-0.01062812621925347,0.009891220748848824,0.0017480666463463423,-0.031748668271916365,-0.0009138209511011922,-0.0015467153140202182,-0.03849850992261512
2019-06-28,0.02287263734654946,0.0008406296468901656,-0.0034571208127205178,0.015338896172229565,0.0038778720456501916,-0.003944774580914181,-0.002623380495122533,0.0,0.004965784458309509,0.027482555057513975,0.00425725794184616
2019-07-02,0.0,0.01996752139625312,0.0008654013190447286,-0.00402487935550611,-0.009723022783854271,-0.009930511209213476,0.011751918611403366,0.0,0.010058300657470421,0.014947952834782497,-0.01340017639302795
2019-07-03,-0.01010107855189586,0.000411788040299536,0.011182842458375806,0.009296428386209614,0.022223201696700633,0.009930511209213518,0.014178540759715355,0.0,0.0037959213528396033,-0.008942004276182844,0.0031523521001443973
2019-07-04,-0.005089030067367945,0.0,-0.0008556897994478417,0.002310686835035318,0.00808952136473974,0.009832958352693159,0.000853004369104042,0.09237332295855989,0.0004983428165011421,-0.002998429235525917,0.009397752502182059
2019-07-05,0.0,-0.0008237457198472445,0.0008556897994479658,-0.0014697581936051955,-0.020589700277586345,-0.01976346956190665,-0.0017064770031799685,0.0,0.005267674175326651,-0.006024111111099224,-0.010829355267930833
2019-07-08,0.010152292982194621,-0.0012368922732553039,0.005119484599371964,-0.01013735702763972,0.004344775579983715,0.0019939691223689556,0.0008534726340760105,0.05715844305791106,-0.004371172748127595,0.0030165917880252847,-0.02289623247150445
2019-07-09,0.02000081121307355,0.01636694107023782,0.017714574618226675,0.018507394931322675,0.015770808101623617,0.025566803289453956,-0.0008534726340759349,0.13005307978913777,0.005064711331779939,0.003007519323073917,0.031171258295100847
2019-07-10,0.012300211608327234,-0.022989499641327977,0.024774193581683587,0.0014575165256583175,0.02528232663441392,0.04554862695655158,0.00807989045096691,0.09309040529768926,-0.007157668708439707,0.032499218847638255,0.026914990964882042
2019-07-11,-0.014778656951434864,-0.0037445639710784384,0.004070051257432119,0.0010399026399879384,-0.010223143372876834,-0.026317283546611645,-0.007652933151126756,0.12516315074546305,0.0013958176632451957,-0.03249921884763823,-0.003047437867586463
2019-07-12,0.00987666560537068,0.0012497739349182403,0.012111539014323333,-0.010447341606435253,0.004659819089855181,0.003802282330481143,0.0,-0.0606246254686803,-0.003593189398798933,0.032499218847638255,0.0022172390364069905
2019-07-15,0.00734388831294752,0.002079410044395958,0.0008023015523959911,-0.005053661732546505,-0.009341543855967537,-0.0018992886707390215,-0.004277189468848781,-0.08701136005649178,-0.005514607500231574,0.002902688099881893,-0.005274104944653198
2019-07-16,-0.00980404274165675,0.004145974496806273,-0.011290510456805136,-0.007841590724104458,-0.013226340719333414,0.00189928867073894,-0.008869763566966957,-0.022989496172240394,-0.0003017149255347511,-0.014598720458046393,-0.019106922885220364
2019-07-17,0.03390158317922162,-0.0058091400853745616,0.003238854940632391,0.0025499576712037742,0.037335096856676776,0.026218705719590427,0.0008686902729584527,-0.02353054526552943,-0.005142414716030346,0.05437667015961882,-0.014286053171580495
2019-07-18,0.03278996281048427,0.004567127124839235,-0.024551163272248055,0.0036014158489675262,0.02845068370354411,0.03808257888884271,-0.0017382236680884735,0.06899287621747893,0.001818005041806612,0.04892283717740016,-0.02535476107629027
2019-07-19,-0.004618854270920176,0.007428881740852949,0.02777956188895901,-0.01041574908367328,0.0017794542416143164,-0.001780900208483073,-0.0039225045502861424,-0.045462330951949494,-0.0039432365824979,-0.016043115552194728,0.005005035036654544
2019-07-22,0.006920250651129865,0.0049220500421163094,0.008824825449895915,0.0008543993046322028,0.011928566819311731,-0.008952645362922272,-0.005693043265484358,0.022989496172240335,-0.0002026349649697224,0.010723957137696378,0.0005874219779792801
2019-07-23,-0.020906663077435182,0.0012266157065161064,0.011909595272139646,-0.006425431015483818,-0.0026384948962013006,-0.007220241137379281,0.00874508183480235,0.12783337692848892,0.004751218869279517,-0.02156416532958114,0.009348471564376242
2019-07-24,0.020906663077435324,0.0016333648640689802,-0.030451053497174706,-0.011453469465583574,0.004832033276793124,0.012601457629926786,-0.0017428561056857198,-0.04082201687199717,0.006333173964876336,0.03217433834772167,-0.013761077344334991
2019-07-25,-0.016222793772060273,-0.010664467890031374,-0.01806292911381992,-0.040812966796719634,-0.01723801727520812,-0.016231222225163745,-0.009640653028287406,-0.021053389382458158,0.00040076285847991767,-0.007946993149946336,-0.030532039837801884
2019-07-26,0.011614470823357698,0.004525786994560068,0.006606186185799996,0.0015836494025745457,0.0013364578336902619,0.01623122222516365,-0.0017629159576341463,0.02105338938245812,0.0015013925383494241,0.015831392187439716,-0.0015209971926290226
2019-07-29,0.009195396878553365,-0.007003066028051433,-0.037740386757283556,-0.007031878692328323,0.007540612140171812,0.0035714288703748718,0.006156523857051668,-0.021053389382458158,0.002597153791183133,0.010416754984534189,-0.01317620242924097
2019-07-30,-0.0022907417970986083,-0.012060949395321848,0.0410271458825883,-0.0027353775195563318,-0.011108790982196207,0.0017809002084832025,-0.0026337055760558272,-0.11247801211180346,-0.00650553618946802,0.04804973072872788,0.01833794860300818
2019-07-31,-0.03500944468154621,0.0,0.006541286352212612,0.0061440656433127605,-0.04244298422414662,-0.05110596199583242,-0.0030817755819471573,-0.04879011804678987,0.00243214061367297,-0.03774030513563922,0.012340251166982149
2019-08-01,0.04867692312489692,-0.03361294724215261,-0.021417568055549126,0.007233390885870062,0.04467470523248065,0.09633109982666206,-0.0008822800025917717,-0.025317859565233025,-0.013758231711837998,0.07648616342592318,-0.035935663748250836
2019-08-02,-0.015963810576102987,-0.022315523398949273,-0.02871826934637577,-0.0033841692797310957,-0.0044683477857455954,0.028501522195896797,0.0008822800025918745,0.02531785956523302,-0.007726026676790561,-0.0071515113466035915,-0.02321300138943006
2019-08-06,0.06238107586633777,-0.025090900173630627,-0.038432680157881136,-0.016175335925867944,0.04338036414838924,0.05935982601648861,0.006591961790608531,0.0,-0.017105152610872622,0.08701132902688817,-0.0009526364820524219
2019-08-07,0.10837958993307815,-0.006829169512612217,-0.020693515570389228,0.024502054195178254,0.03082360539937514,0.04566999372791518,0.0065486164841006425,-0.1053604908225583,0.001576740522545252,0.03236536985738038,0.001904237847315236
2019-08-08,-0.025516422225428832,0.0181083732252426,0.019802672585416424,0.006923603390573662,0.0004156961166504316,0.014771373712083181,-0.0013062442416158719,0.027398947339175996,0.004819828062251568,0.0,0.02535736132088722
2019-08-09,-0.034381594269722614,-0.005849356272882353,0.00533327926453835,-0.005803573739747324,-0.004164918055565489,-0.022239625659755395,-0.002617883157346988,0.026668221646324243,-0.0024070101911178986,-0.02798899756146868,-0.0034060161324166276
2019-08-12,0.006153891609594605,-0.007701178649623759,-0.0017745722719905257,-0.0011200296508262666,-0.0067001453149116135,-0.012066499697029479,0.0004368929474942172,0.0,-0.012865280817436694,-0.026550110076955683,-0.026081700594705597
2019-08-13,-0.018576364729626166,0.017133084289067464,0.024562616709688314,0.019090483024401538,0.007117402568147151,-0.023024822667448843,0.007829420653053773,0.025975462271824908,0.005820388458857779,-0.027274400021870124,0.012025538428825911
2019-08-14,-0.006269739962696068,-0.018498219983780383,-0.04338879449310644,-0.02539691813820038,0.009962692638260372,0.0031007746981880084,-0.007392718497654371,0.0,-0.022084433144698337,0.016000221680617762,-0.027101946234753347
2019-08-15,0.03299262890019458,-0.00045548957867506045,-0.01550418515417464,0.010263646254545995,0.01149915734366667,0.00924504931356555,0.0015342187092359178,0.0,-0.0037828461800256613,0.0356386016347863,0.005479456103981273
2019-08-16,-0.0414136664575064,0.011775552706793946,-0.002761171788838743,0.012178691865384712,-0.004501788957354698,-0.027995580496555317,-0.012340434131389168,0.0,0.009054804442606423,-0.03337348737795087,-0.0016085172158578026
2019-08-19,-0.023530598814291065,0.009968455051315361,0.013730155148466996,0.008259949807397504,-0.010721607147851453,-0.017502456655708376,0.00044339073922181044,0.0,0.008760708966531193,-0.006810574143155243,0.01850130468795683
2019-08-20,0.04445185284777352,-0.015447816577609803,-0.004555863590855013,-0.012753336837052674,0.031022735714414905,0.019078462025190413,0.004422862065954209,0.0,-0.014896023397633601,0.035798092354655184,-0.024961175417145088
2019-08-21,-0.033687439575644254,0.01769952705679955,0.03675903818121961,0.01453031062732209,-0.0032206308750651696,-0.015873334137796888,-0.0026513513619330236,-0.025975462271824953,0.005813366280031266,-0.024472949169006854,0.017028477762779066
2019-08-22,-0.030437053738627793,-0.0036052799573788176,0.004391709945132622,-0.013855053831101355,0.006430922576649945,-0.006420561660093021,0.0052956032035949615,0.0,-0.0010740213137807482,-0.011325143185648414,-0.002232571832811438
2019-08-23,0.028293523865858646,-0.021908709780163,-0.0338713137592251,-0.02483327116377024,0.01944127687389326,0.07445298060505288,-0.012400374625181978,0.025975462271824908,-0.011455876100214906,0.09551719065418415,-0.036746043437725945
2019-08-26,0.0,0.006439806680139384,0.009923380079095635,0.005291774646641427,0.0015704078171127807,-0.013544248110501055,-0.005810286538906896,0.0,0.004121981295383872,-0.0209212546300358,0.009887897950570348
2019-08-27,0.062390257736799994,-0.013850598341277661,-0.013556517965405569,0.003893239778023906,0.0301414238317908,0.03863782661776602,0.00402595415591254,-0.052643683918149276,-0.0349174507320262,0.037348720656341025,-0.01220924642387901
2019-08-28,-0.018311783785687943,0.004175359720132551,0.029585330359211858,0.003422690209210768,0.010225421325093922,0.0029112073785717086,-0.0017869827277715168,0.0,0.0016800494225556566,0.008113630814719757,0.036509911188579956
2019-08-29,-0.035531479508937064,0.016984554189329273,0.04322196330388813,0.008392890967818156,-0.03338121391920925,-0.03852331591733749,0.006241366965486801,0.026668221646324243,0.02049138770571203,-0.034946912130363376,0.027156586901071467
2019-08-30,0.016878009178812492,0.005447115952793334,-0.017065269945684757,0.005855890752193636,0.0069985034835814445,0.0,0.00576118516288404,0.0,0.0005480469019078729,0.006256533847345085,-0.009075282988353644
2019-09-03,0.006256564525524499,-0.015051553566533999,-0.010380670861783417,0.0015707377749294962,0.005024227701248032,0.045764435769281166,0.0048490033745382105,0.025975462271824908,-0.009136492146010698,0.022611432967389176,-0.020324542573920912
2019-09-04,0.006217663188479033,0.0068697124279092124,0.0017376547143253456,-0.0020199483306596157,0.013782672427660653,0.004319691396165053,0.0035118298581472765,0.02531785956523302,-0.002768369982571926,-0.002034685499090449,0.004800719383657705
2019-09-05,-0.053034719757702325,0.03277503862113181,0.04829402367212798,0.012724865018257859,-0.07662648162497752,-0.03360433333647974,-0.010572617404838157,0.0,0.017477698218679286,-0.05225846738229099,0.027398913001230967
2019-09-06,-0.03774038425048003,0.003087037240293327,-0.007471961290601248,0.0037639388830507424,-0.03381668892339143,-0.028637986854498594,0.002211784172152751,0.0,0.005000048517955674,-0.028293387610136857,-0.021350725243233948
2019-09-09,-0.015963810576102987,0.019189514063497927,0.015709243936536384,0.0011042990434716603,-0.02798884789282294,-0.034217924315860966,-0.0013264655960178162,0.04879011804678982,0.010569576608130484,-0.01781793998603658,0.03308657504419383
2019-09-10,-0.018561986098295843,0.015005654931789202,0.008169983802715112,0.007915672843324367,-0.010535728748829914,0.003159557196248903,-0.0022149014432429723,0.04652004143776977,0.017968725024585058,-0.015855253295178163,0.03588504944469612
2019-09-11,0.009324005204003557,0.010582107586498975,0.006488234158428223,0.004370557432662364,0.01009895957480982,0.007855454978545402,-0.0026642128508128334,0.06595797067403363,0.006302511272860859,0.013605534778801708,-0.007134392395259318
2019-09-12,-0.018735993140547115,0.007132351859811251,0.020089013591300175,0.0004360754358916349,-0.011865629854080777,-0.02055402582057019,-0.002671598599618229,0.06187540625445525,0.004596666851332444,-0.022779904979946496,0.011250400335226935
2019-09-13,-0.01668676260064064,0.009983497613514917,-0.011200073165006713,0.00954450494288124,0.010116642981572938,0.0015961299282058632,-0.0002240757835285396,0.0953102014787409,0.005612758717677285,-0.006936551005046512,0.0038709203177064596
2019-09-16,0.014320000770267913,-0.0004140186931717381,0.11393188687820513,0.00667040181059225,-0.01100119232129716,0.03756313977617144,0.0040259697375261624,-0.037041347336331645,-0.0006221133421693582,0.02971645598499296,0.12078328108921087
2019-09-17,0.030340735865212097,0.0037197709262508003,-0.03432247551383628,0.0014999677857217958,0.05592850759977204,0.05236796982155745,0.007560697567303355,0.0,0.0019686321487587077,0.03104460511887924,-0.0299409159578922
2019-09-18,-0.016222793772060273,-0.0024783092386965987,-0.01723534598040972,0.0006421552297451196,-0.02114240093623656,-0.028087589834629917,0.00442095331518788,-0.038466245545726065,0.006294264939936633,-0.03329928766833981,-0.023058845264761985
2019-09-19,0.036701304255149635,0.010286118321114432,-0.002270186988478849,-0.0008562986419940835,0.036916957859568646,-0.0015004097247020714,0.003962075270513321,-0.019802608596683105,0.0009252306919304014,0.017897557897685944,-0.0025024476075837677
2019-09-20,0.026668255610635478,0.0032692766041384587,0.003025772149731189,0.004700845486391496,0.007794857202803051,0.03249920693790364,0.0043840405788312855,0.0,0.002770806308442506,0.028417194788982164,0.014647292867505731
2019-09-23,0.015234309772613266,-0.0036787983326459026,-0.011393941273506306,-0.006415729886890542,0.008545332276585563,0.031476102036130583,0.0026212458417277655,0.0,-0.006786658044018777,0.03390153093593158,0.004926034886454601
2019-09-24,0.03814017552946835,-0.010704039586989358,-0.0177269359256981,0.005349268015570083,0.01047971761447823,0.013986228915818986,0.00391903062263693,-0.08338159079850715,-0.008288418288325116,0.0,-0.019294968572466004
2019-09-25,-0.042469205045796043,0.0016542823384228615,0.0,0.00042677148609745666,-0.034261064491394315,-0.052756337118773984,0.010806350763732023,0.0,0.010143904821818634,-0.05129336825017155,-0.004742676264570565
2019-09-26,-0.03307923444489563,-0.006633531928362409,-0.0015563711548695076,0.010186761279134688,-0.002908820927768272,-0.013264771446796329,0.0017181069538305925,-0.09097182756775163,-0.000824217828271825,-0.019934204278196383,-0.008424582171843758
2019-09-27,-0.022676479772362486,0.004979249589939561,-0.007034069639576732,0.008829222975572556,-0.024006202239759782,-0.058031492620624264,-0.00602667867504227,0.0,0.0060627567283720405,-0.02890834041511359,-0.004805688539683031
2019-09-30,-0.011534313027044316,0.005777934636158101,-0.02541833255156084,-0.0271548547144274,-0.023286969127847112,-0.041739642799601184,-0.0012960960790612834,0.0,-0.000307367389574751,-0.03048310853057826,-0.0011340008261416306
2019-10-01,0.016110999142858167,-0.019530978280869755,-0.03104821355172858,0.0,-0.007884437719450235,0.025891466129339763,-0.008684622751083811,0.0,-0.0062708907520210395,0.028171038791476047,-0.03316832128812548
2019-10-02,0.018099793656548645,-0.035016399915808155,-0.03547680091135212,-0.021959726441264663,0.016572691517169856,0.02679428987797944,0.0004362493175162232,-0.04879011804678987,-0.011721572547146702,0.02964867071262912,-0.014771338125952587
2019-10-03,-0.004494301422025342,0.006929443124164633,0.006855244024078988,0.007664540846158924,-0.005203905430977968,-0.0031152644246641536,0.00695042222893552,0.024692588966579433,-0.003449139490770041,0.011173283827388733,0.0029718459308062627
2019-10-04,0.01785769387953527,0.013290564263522453,-0.02858572743938158,0.010632613305578468,0.02659963547815622,0.010861266179707382,0.012048194973593508,0.0,0.0036579170477379205,0.021978874271045352,0.010919452413729835
2019-10-07,-0.015607964435197385,-0.0025586298514580427,0.0017558710372502244,0.0004314831263470045,-0.005519080971677744,-0.010861266179707252,0.0038421574653845353,-0.05001044853181241,0.002708609409855985,-0.019759078291228326,0.00293073269084485
2019-10-08,0.04181034323273349,-0.016792598353053734,-0.05221709318633831,0.0,0.024391442311808263,0.017015125885264965,0.00042604386392546245,0.02531785956523302,-0.010037709286879736,0.032718245314908474,-0.04183452818972203
2019-10-09,-0.008658203866983256,0.01036723500139799,-0.009285003996402084,0.011369959622900648,-0.010860567086385024,-0.015456243427518439,-0.004268201329309796,0.0,0.006494134630450952,-0.017316445066100913,-0.006121876080070056
2019-10-10,-0.002176184466594522,0.008131871438577904,0.012053857570351904,0.011031116718233742,0.0,-0.012539337069036934,-0.0064361821964626234,0.0,0.0037515010107330928,-0.006571671001806415,0.015234867458601394
2019-10-11,-0.06294217572087511,0.02275700662363396,0.043289026088460365,0.00042174493635847084,-0.05926056782851972,-0.04187410908689565,-0.010385255919984921,0.0,0.008699396834411531,-0.05187187976683595,0.015304266189813941
2019-10-15,-0.0282370655358681,0.0070583986663636826,-0.0035367568336880737,-0.006771107141671697,-0.019802635836333543,-0.016584112277642674,0.0013040705623766722,-0.07796154348338225,-0.0015478603820387243,-0.01869223987757011,-0.004776273496340726
2019-10-16,0.009501072395321051,0.004540812279382934,0.00530045554038298,0.001061113862464965,0.017125217997870566,0.018227535625201578,0.0015267986005515573,-0.05556988107220008,0.004019576525294174,0.01172355891222374,-0.010527992693473284
2019-10-17,0.009411987936543492,-0.005782868500833091,0.0,-0.0038249399393386935,0.004903065371940483,0.013050743505315385,-0.006560235685448863,0.0,-0.003400176996507182,0.029853048668900803,0.009629978629323207
2019-10-18,0.0,0.007840026610941473,-0.007073449429728702,0.008268832843088023,0.003993894906179131,-0.006504081665492238,-0.0035165395613677647,0.0,-0.00030965180742221235,0.002259711063372453,-0.006007860399089187
2019-10-21,-0.03333633268968713,0.009001619482736681,0.014097131244393202,0.0012661003754572617,-0.02647681934304968,-0.03654896301769884,-0.003970725009101903,0.0,0.005764868966112715,-0.043836318644497003,0.00840099428033944
2019-10-22,0.007237582152502886,0.0,-0.004384038034681522,0.0016856165641191002,-0.011893983347457433,0.016778981031203098,-0.0008846654960726295,0.0,0.001948364227764255,0.004705974440249993,0.005363569041085672
2019-10-23,0.021403886146053396,-0.000814967295885981,0.027731377141979173,0.006923443957178619,-0.004612652810857499,0.003322258902565665,-0.004879080392553937,0.0,0.001023982478061575,0.011668726327263767,0.005039195249338128
2019-10-24,0.016336599838296714,-0.00818665218685073,-0.018982521778084377,0.0,0.037209439025361536,0.027802215754176393,-0.00044479177702230716,0.0,-0.0020489346865891172,0.029716558320958666,-0.009506895763500322
2019-10-25,0.0046188542709202675,0.006146204163033793,-0.0017436244176878644,-0.0037704580302253226,0.0008904568889601629,0.014411803360289922,-0.0017808822281090311,0.0,0.006032382257734397,0.07169183942992284,0.01540317060030064
2019-10-28,-0.02095545410921691,0.011776885191688485,-0.008764276164005057,0.0037704580302252936,-0.028895944780822826,-0.027398986822909446,-0.004466442312628316,0.028170933733023967,0.0005096443150296985,-0.03411833378556093,-0.008560983457710827
2019-10-29,0.04373536097251577,-0.002830018195414789,0.021768328547925764,-0.001883493090112113,0.006392782324934093,0.02261814384986192,-0.002689240310644509,0.0,0.0014253068245641172,0.004328879821989117,0.01296036863110384
2019-10-30,0.0,0.0,-0.018253412292877545,0.005014595262718298,0.02116717960327502,0.009539013645775776,0.0035842862509540994,0.027398947339175996,0.00649027926175927,-0.0043288798219891424,-0.018609231862631616
2019-10-31,0.04190256538324857,-0.006906418972456724,-0.01591538088983854,-0.00020834811526456747,0.01941809406878789,0.012578769946411373,-0.003584286250954198,-0.027398947339176118,-0.004094236784171762,0.042469160469678205,-0.009887713506915531
2019-11-01,-0.00216227601640389,0.011752941650662915,0.019417985769429685,0.009956440626030886,-0.02343687097327929,-0.006269606921925834,0.0031367299232362513,0.0,0.004400559010386164,-0.016771875920264977,0.025859684519681042
2019-11-04,-0.015267222966454476,0.01201460622482671,0.023327251522540084,0.0006189679731231755,-0.019426875643794576,-0.011067333697213829,-0.004933791692047061,-0.028170933733023984,0.005092700723336104,-0.025697284549413238,0.024635370892082113
2019-11-05,0.0,0.005161748223947448,0.017774537786028992,0.0024722093406711176,-0.00640723555156171,0.0015885990252141118,-0.0063147754681290545,0.0,0.00789319678702421,-0.02415057031524625,-0.0022930486860528896
2019-11-06,0.038797821780745485,0.00867505856110986,-0.02462978181010799,0.0012338165092168512,0.024042829019657472,0.00790513421324536,0.00406405419482234,0.0,0.003320740955058397,0.01980276526718783,-0.02058341485652357
2019-11-07,-0.040998263041622476,0.01209785255303022,0.041269138809009745,-0.0032935123295652164,-0.03419529296239455,-0.13465683576112242,-0.0013529401507931594,-0.6109090778414209,0.009797110878846712,-0.06526506992089852,0.07990759814654835
2019-11-08,-0.0044149312599779025,0.013484944920746143,-0.0008255173689272434,0.021418516089762644,0.002779107694867035,-0.005420105291322425,-0.008155945165072785,-0.11122561204341141,0.0015904983262089265,0.006952419852795169,-0.0010822569363248672
2019-11-11,0.0022099550208109285,-0.0022987707389880213,0.022050765065942446,0.007839969165110348,0.002309964068627451,-0.009099278755961369,-0.006847562725217245,0.0,-0.0019884225903965824,-0.002312069739102328,-0.0013544703655900628
2019-11-12,0.006600606710289154,0.011820911474271781,-0.013008295885764777,0.014511761275135631,0.003684967643062459,0.037672624433285166,-0.0036714674880474396,0.05715844305791106,0.0011935279502020277,0.02514407876692696,0.0037877952423300072
2019-11-13,0.013072033756209269,-0.004559265824513009,0.0008179301823929388,0.013720231522443376,0.015058383305466357,-0.005295640473445273,-0.00322358307238979,-0.057158443057911,-0.0027871945294709226,0.02011244500810622,-0.005687141163161044
2019-11-14,0.01290346073816779,0.0,-0.020653304534737033,-0.01256070345529148,0.0,0.0035335691578419213,0.014501310763287173,0.0,0.00626022234198909,0.01971600108023093,-0.0032644381779324953
2019-11-15,-0.0107411847217639,0.0019021962530881991,0.02391866881634031,0.01014833851360933,-0.007729023948980809,-0.01779404643727204,0.001826489971444934,0.0,0.0038558636074815206,-0.010905321120179908,0.010031315492972414
2019-11-18,0.029789360355199034,-0.0038446366501315964,-0.013951802186917462,-0.004961818570708988,0.018987936373626883,0.012488957079089718,-0.009626484218155134,-0.0606246546866435,0.0003946240979145378,0.017391737269913176,0.004306893481245616
2019-11-19,0.006269739962696045,0.004611882134232457,-0.024258825117694997,-0.006387268754661176,0.013787124101828205,0.007067160673785595,0.000920858650698767,-0.2076393791062845,-0.0002959724873659239,0.01284816403725773,-0.0053866296331244335
2019-11-20,0.01652917417789871,-0.008858132557313679,0.0042246704588896275,0.005591174380983645,-0.00044178620857173833,0.024349088727441934,-0.011571627886660916,-0.08004269334549638,0.0010848297808722894,0.008474573583490816,0.008872373457499949
2019-11-21,-0.03333636362752983,-0.002711625115911982,0.012568373643476996,-0.002192841917625762,-0.024151375201862484,-0.01908126088977842,-0.00466633199025792,0.0,-0.0027635369109367696,-0.02348027394849255,0.0010700966798313607
2019-11-22,-0.004246309043132701,0.000775425880991494,-0.007522020071902389,-0.008014476337081723,-0.007725598333764625,-0.010563468311108748,-0.007511795088545325,-0.08701136005649178,-0.000988842126568552,0.0,-0.005093296535335711
2019-11-25,-0.004264417103367564,0.010027086308133027,0.014987801087230896,0.011202414210777225,-0.0036563368228880243,-0.012466799317071453,0.012643730625801446,0.08701136005649175,0.002568897646084608,-0.013043580885166883,0.011224122334178598
2019-11-26,0.025371374189790262,-0.005000938216747117,0.0,-0.004186212782252564,0.025317812371676914,0.02127737865777787,0.0037155769646404877,0.08004269334549637,0.0015776388272856915,0.04492731348520411,-0.01607329593617408
2019-11-27,0.004166661684957043,0.0023112676439977853,-0.0024824594762508237,0.007958664347825134,-0.004474204432139281,-0.014134497835800392,-0.002320617269266324,0.0,0.0060898454288860265,-0.029726196272293174,0.015541660982201519
2019-11-28,-0.0020854981816713146,0.006519656295886395,-0.0041510145008949555,0.001781967483313702,0.007611421642602989,0.003552398294753631,0.005560734999290603,0.0,0.001663267620894785,0.019210868399680076,0.0010630938349128157
2019-11-29,0.024743530180525476,-0.0011474562809502347,-0.023570267680009024,-0.004957882590106837,-0.010762473865966729,0.017575128619389327,-0.0027766398087793135,0.0,-0.0006845665126250013,0.01884865695678437,-0.014446555047156136
2019-12-02,0.006091365173047698,-0.0019152839580857833,-0.0008521662227287406,0.0009935141747478913,0.01254489829811862,0.008673114539890201,0.00046344649186742885,0.0,-0.014882240344191798,0.010320092421375361,-0.0092041197157659
2019-12-03,0.0,-0.027207343057848842,-0.03293180221274091,0.0019842254344164954,0.022888377569514663,0.04557750564242285,-0.0037124040507985905,0.0,-0.021478161671689144,0.02434181986374737,-0.015347163064385693
2019-12-04,0.0,-0.00434349963573273,0.02092484336004298,0.0,-0.02333364333278831,-0.04903771342452506,-0.00325954770041713,-0.08004269334549638,0.00627030021960051,-0.006030083155269832,0.03233555314752462
2019-12-05,-0.002026335104533215,-0.00675005270460813,-0.012152964754442774,0.005534656200228452,0.007543869188923103,0.012058745753820932,0.012054005314341185,0.08004269334549637,0.0046267780956074835,0.0040242213877872985,-0.01318825706276431
2019-12-06,-0.022564969342386578,0.013847930969277814,0.0740456954082372,0.007267039048201964,-0.009327173482695489,-0.027779620457212675,-0.0018451156227654833,0.0,0.004705487192619611,-0.04939283825335605,0.05276873444208627
2019-12-09,0.0020724323040468198,-0.0011795624811553448,-0.012240023204373977,0.004880453100715791,-0.005817907718261121,-0.012400459177022434,0.0023057263708510553,0.0,-0.004003271713067763,-0.004228309518931469,0.0048712060130248576
2019-12-10,0.012345884962180477,0.003926224223265438,0.02192533540569459,-0.0029253975587867987,0.019556191939134947,0.010638387861419196,0.006428002050616786,-0.08004269334549638,0.003003878167894186,-0.004246264064559288,0.008869480447858425
2019-12-11,0.008146652076159255,-0.0015686403461423752,-0.005638372513847348,-0.005287363666273523,0.02305952344790191,0.026111160043045083,-0.026903232430435416,0.0,-0.0006000079353607423,0.037582674334314475,-0.005132150119586387
2019-12-12,-0.002030449476997112,0.006649718902665493,0.02663616341311347,-0.010460930920556064,-0.005607039425008792,-0.01384112078183798,-0.02077701724264713,0.0,0.0058850501631718425,-0.010298736731182055,0.03165225614217156
2019-12-13,0.01011126956228057,-0.0097944008479742,0.008658095078274333,0.0033672912034075947,0.005176824123174737,-0.005240140107940315,0.0004826315180276177,0.08004269334549637,0.009108018785406595,0.020492392450125956,-0.0009974441323188608
2019-12-16,-0.01011126956228046,0.012519750493068912,0.0023482706856195173,0.0047347051964923064,-0.01473804693292917,-0.017668287014685886,0.004332099397445747,0.0,0.002657310118115838,-0.016360181175282595,-0.009526271776722306
2019-12-17,-0.020534519865389404,0.008131690784335512,0.01551619883057983,-0.0017729170539593543,0.0,-0.012556249460506423,0.0009601139685993987,0.1431009200568845,0.00255232979313007,-0.022941575294485133,0.021184557620880097
2019-12-18,0.004140775877788708,0.0069178385283368195,-0.006952470773974585,0.009614488067270537,0.025863602971141885,0.012556249460506517,-0.0019212452497641165,-0.14310092005688446,-0.0034372901980292206,0.008403458651544625,0.0004930659281089058
2019-12-19,-0.008298769098308003,-0.0034529372148587377,0.007722074965080582,0.0027301247324051283,-0.011125556038212843,0.005333298503236831,0.008139757643505725,0.0,0.0005901111375351544,-0.00840345865154455,0.02410933252664556
2019-12-20,-0.03174877214047111,0.014877225388673882,-0.003081678032410993,0.010461177699460592,-0.013428814194841375,0.0,0.00618036114605502,0.0,0.004512401919900664,-0.02998084981468277,-0.00024072542402539334
2019-12-23,0.05236797608437115,-0.003413647315171841,0.018349133234195063,0.003078674689137236,0.01772257907887776,0.03141624940122735,-0.000948464223985631,0.0,-0.009045334075626223,0.02575254029575113,0.005998825540224837
2019-12-24,0.03213124620523428,0.0,-0.0007579391142158949,0.0005762163718441003,0.032458085314552756,0.042058342113271203,0.00426041844557567,-0.08004269334549638,-0.0012847274856405346,0.057629143736616116,0.0023895281780746324
2019-12-27,0.0,0.0007596691846176789,-0.0015173832452659035,-0.0053908759452651325,-0.004989712567216975,-0.004954627720699684,0.00235908978524698,0.08004269334549637,-0.0010884792939742148,0.009950315652761365,0.0007157843044840451
2019-12-30,0.02150621325429042,0.000759019373504022,-0.0015197628345832504,-0.0038684429014566937,0.012839253847547877,0.027756896457217527,-0.004250358217208353,0.0,-0.002875124520613743,0.025466620770132616,0.000953456726227672
2019-12-31,0.00770722842003064,0.0,0.003795085194064862,0.0005812400428176879,-0.007434926224721299,-0.008084149313550433,-0.0014206857896286273,0.0,-0.000794578836948694,-0.005819705450793222,0.000714590911062401
2020-01-02,-0.021339322685852653,0.0128158128670807,-0.0022753223594817553,-0.001356727652517983,-0.004987559347920202,0.004858343165854107,-0.012878768060995856,0.0,0.002084481723940722,-0.007812544851144815,-0.018503558181247336
2020-01-03,-0.015810636994987443,-0.00865154597498263,0.004545406185042675,-0.0011643977397760913,0.004572944292310835,-0.011373018115782526,0.014299453850624533,-0.08004269334549638,-0.002482008026222115,-0.009852208135460344,0.008212669980834012
2020-01-06,0.02944273126080957,0.0030176829659853033,0.02611117079069612,0.0069659862917861165,-0.01084253976817598,-0.018137291194122464,-0.008077965776864503,0.0,-0.0007956036860142074,-0.003968261437594824,0.009576297289351006
2020-01-07,0.011538635306519723,0.0108636515208992,-0.002949865811065473,-0.004057530168723617,0.006686190127334905,0.029510309309905117,0.006657279987235848,0.0,-0.0016925800353533005,0.019685686204529214,-0.0021466521982044092
2020-01-08,-0.050991516061755254,0.012220066250697072,-0.03151045769443959,0.007330178121609136,-0.03431813259070218,-0.047982728864875555,-0.0028476280557183853,0.0,0.007248177495282495,-0.05201175198631081,-0.020992478619684368
2020-01-09,0.0,0.011345064215476649,-0.005349595735711688,0.0015364544892627716,-0.009528012707426911,-0.013652075837217115,-0.0052418687052274504,0.0,0.003653758411749742,-0.020747644561400345,0.02290085184901239
2020-01-10,0.03945288075523557,0.0054436452196408745,-0.010011672745087644,0.0011507009282504153,0.01339987278283724,0.018723892823250043,0.0023859209089892998,0.0,-0.0002957682365869322,0.01869214416549116,-0.013919100743948174
2020-01-13,-0.021506213254290446,-0.0028996266417886,-0.0227015713680793,0.006876831740888807,-0.022141162638495707,-0.0413139258671189,0.00047655807821073257,0.0,0.007661383972147557,-0.03774035071849913,-0.00024177269274600004
2020-01-14,0.02536729863079264,-0.0021801808449043603,-0.011947618575184548,0.0005709526230194296,0.006999150681779854,0.02602056477363969,-0.002384782793453405,0.0,0.004977862290832382,0.02531782333085502,0.018678775859653187
2020-01-15,0.022858046568726885,-0.014288547061811194,-0.006430836767282643,-0.001523216185351103,0.018998774965200815,0.0369789676707042,0.015166099045418694,0.0,0.002916559288884283,0.03881991868429192,-0.013855920743433461
2020-01-16,0.005633884926249716,0.005519766328546253,-0.011354505923337355,0.005889674300151751,0.00936584380165168,-0.011618416722202882,0.017579305853721208,0.0,0.0033919858991374426,-0.02639739129664796,-0.0033734780983374108
2020-01-17,0.007462691276684709,0.013124539253062591,-0.012310418924438958,0.0034039432940615737,-0.005949917087746637,-0.016835398921185463,-0.0009298278250216303,0.0,0.004247909171737906,-0.008264514755511322,-0.00048292424062365986
2020-01-20,0.01476044452514389,0.0036152224892606654,-0.0024803743916377175,0.0018860282047486545,0.013968571022840609,0.01683539892118553,-0.0027944996615309184,0.0,-0.0028943298281663833,0.018500024669160745,0.0
2020-01-21,0.016349158806739397,-0.0270681572182282,-0.009983400820827252,0.00432451464650792,0.007537590844253983,0.019835421118588298,0.00697179716433736,-0.08701136005649178,0.00808315066934657,0.01816398115960297,-0.016557507681123376
2020-01-22,0.0018000873263318408,0.01106207708860544,-0.000836554294161796,0.007290459806372875,0.002500089936659149,0.013008300905232383,0.00784318525151284,0.08701136005649175,0.000574901800984096,0.021761504150063046,-0.00393599454219616
2020-01-23,0.0,0.0014656797240152558,-0.005874905373831547,0.002975613096089789,0.008701102688005672,0.008045049761033636,0.004127577396165453,0.0,-0.0014378007461690776,0.013605567218258351,-0.0007396900898947455
2020-01-24,0.02135312507552064,-0.006244260448254275,-0.029904009486341063,0.0020406278303761404,0.014742255956068947,0.034649177998060415,0.0,0.0,-0.002208714977446902,0.028546200115865884,-0.018924973153602094
2020-01-27,0.010508019496061498,-0.02613063318893804,0.0,-0.002783629516470788,-0.0012202218593644434,0.0030911896080078717,-0.0050472351071767785,-0.08701136005649178,-0.0059782027919530805,0.009337230838796073,-0.030371029326469984
2020-01-28,-0.04089450712866199,0.007911126488103338,0.01292569165456513,0.0053747971521863076,-0.03647319227763981,-0.023420289204293836,-0.008314022074020311,0.0,0.0030900032249445227,-0.04953405575718879,0.003104800887054189
2020-01-29,0.025090905577520046,-0.00602182304536617,0.011068693875961226,0.004242426647378201,0.02295115818093536,0.043283449959116795,-0.0004639887185980494,0.0,-0.002220013884538986,0.03077176918818158,-0.0005168662191867508
2020-01-30,0.00881051029533406,-0.0003775752390449853,0.010947355726858569,0.0007358929391478088,0.003705969429813449,-0.001514039479676727,-0.0009284419825112751,0.0,-0.0011601789215344442,-0.019121144385654692,0.002323541267548972
2020-01-31,0.005249418621394442,-0.026790726665534025,-0.03580933949403512,-0.010353116738712358,0.007371067005645707,0.01652932208591426,-0.006523800139205823,0.0,-0.013580185753611092,0.03974035385903577,-0.041058345488073675
2020-02-03,-0.019383873495343314,0.001550400306138816,-0.0043497402490337905,0.014391301609221504,-0.007782181277305405,-0.005979085302778273,0.0,0.0,-0.003971031999752578,-0.005581323987863592,0.004824471335701585
2020-02-04,-0.016143783363968,0.010402722517917315,0.00868055847614037,0.0034744353991104627,-0.01616609383655797,-0.01815479259891833,-0.0023402094314010934,0.0,0.007531520462726634,-0.030305458066549884,0.015388884084379986
2020-02-05,0.0,0.01898311116511959,0.048913648970610776,0.014498343776075407,0.0008354514962852613,0.01213974269185801,-0.002815665184868057,0.0,0.0053170754276792055,0.001921323317699769,0.02239098957771605
2020-02-06,0.02146772794258277,0.006746633883424245,0.000822709831922712,0.007170996842513378,0.019434120828545506,0.019418102454287222,0.009354609277769656,0.0,0.0062653105593524,0.013346249263332619,-0.0010304348153440022
2020-02-07,-0.010676299880661475,-0.007875596141453473,-0.024137677778341943,0.0026760076732008095,-0.008636767786391778,-0.031557845146145305,0.0,0.0,0.00019512727575299627,-0.03664828746615888,-0.0062046979578886195
2020-02-10,0.003571418051092797,0.0,0.0058798402427369285,0.010808956893046257,0.014353370564970486,0.018154792598918317,-0.004666411861106135,-0.09531015948455974,-0.003322875798904061,0.027133462623047177,0.007235132773232745
2020-02-11,0.003558708402205408,0.012719992173528878,0.003344497449792551,0.0026401432801039008,-0.0012222103817302547,-0.0075245187041358946,0.001402284528864566,0.09531015948455968,9.791136982506832e-05,-0.005752747737920707,0.0035980304229011675
2020-02-12,-0.016114962830871993,-0.01046341321348704,0.009966977619376122,0.004209824917197692,-0.00572369238430986,0.0030165907189823042,0.004918630357176672,0.0,-0.000979395856545009,-0.017459139022880633,0.012745535543830507
2020-02-13,0.0,-0.01781369192946523,-0.013311475069168783,-0.010172296090954693,0.029491169600792542,0.02528016837825276,0.001867435898150126,0.0,-0.003042027391836716,0.0421517673341243,-0.013772267584726688
2020-02-14,-0.00906629611771033,-0.0015307462610084166,-0.010101052760387889,0.005009829450366175,0.03903692702173037,-0.017778229065734136,0.001863955080510554,0.0,0.000589482816375579,0.01858790734884367,-0.0033439482516562534
2020-02-18,0.08046298245929966,-0.00422187843438044,-0.0008463029664707794,-0.019645584119662836,0.045283724995873,0.05383116070699983,-0.0004657538229913189,0.0,-0.005021865758501853,0.06246458611542115,0.007700170816061733
2020-02-19,0.006700246040158278,0.012612462640109049,0.01762528279930345,0.010861842691829836,0.016691210557032893,0.041614907481059046,0.0064995443206269515,0.0,-0.00207526844084043,0.012037903649831067,0.032451669655986455
2020-02-20,0.0049958273254808085,0.009826237282732497,0.017319925869026104,-0.002343418237299741,-0.009036724970268147,0.008119116580163102,0.003234043864059631,0.0,0.0015815330469107411,0.006814340866499769,0.0012367814441688197
2020-02-21,0.02784787274903014,-0.030548408503686914,-0.02316067933868317,-0.0018063312898925791,0.02969278048289513,0.05633445218410778,0.0,-0.09531015948455974,-0.0032646003574171873,0.043196189504725147,-0.015948501810448507
2020-02-24,0.027093333603164935,-0.06519209814957129,-0.055928514652802505,-0.019903882251159334,0.03225521565227104,0.005082598290205368,-0.01159832158255752,0.09531015948455968,-0.014472002192835525,0.0032466802620758073,-0.04653193382289725
2020-02-25,-0.043380351121142274,-0.018581638776095775,-0.029638388313082287,-0.022003503445728868,-0.03649408950119167,-0.03744788319186598,-0.01789136677917817,-0.09531015948455974,-0.02257112093784008,-0.0498442358061006,-0.035627297213577734
2020-02-26,0.009804038736345375,-0.0029882496987569747,-0.03903847017277205,-0.016155483796656905,-0.005679746212595809,0.011772556214505462,-0.01483625129267586,0.09531015948455968,-0.016066715928443925,0.016892304495089442,-0.025129001911639123
2020-02-27,-0.036427960614994565,-0.024233097301660123,-0.041612164590784255,-0.02620743001943494,-0.04042059817738405,-0.042503100285139456,-0.031842012948517566,-0.09531015948455974,-0.02314986127781516,-0.06219616369383587,-0.029226065433711482
2020-02-28,-0.10106017466441157,-0.011897054242784488,-0.025013806826928203,-0.01746078239041894,-0.049905592681832166,-0.08787518578886666,-0.034433888129074275,-0.1053604908225583,-0.024903875137805936,-0.07013939331587249,-0.0051963366812562434
2020-03-02,-0.009372192018574536,0.015395086847994805,0.008072630379712608,0.018836697984866386,0.03417492825698951,0.04490253851583136,0.03493143330226646,0.1053604908225584,0.009710396539138336,0.013295549736245907,-0.011937782655942879
2020-03-03,0.08134574486122434,-0.02653850529868256,-0.04838821878614438,-0.006107818779326206,0.03923521326235368,0.04432861071901059,-0.013523835756713311,0.0,-0.023287465973050796,0.05862478901369821,-0.029426935731173328
2020-03-04,0.02570825358586749,0.014683241869587261,-0.01702164855249075,0.027484429375269216,-0.0010894782070238374,0.004056764596556924,0.03615153410454245,0.0,0.010502522373404993,0.005323884419401598,-0.0009054504336058042
2020-03-05,0.03000229011454335,-0.01423510253563046,-0.0405091428460621,-0.007139421353893778,0.03253190669819823,0.03838988537303911,-0.008302953098360263,0.0,-0.03263951443567514,0.033075270981733275,-0.016438668094470383
2020-03-06,-0.021613495928470942,-0.035107342693826774,-0.1247907245372132,-0.01286316419039552,0.0010546240955946467,-0.03032533303094463,-0.01831273601900257,-0.1053604908225583,-0.04223854792676072,-0.024264720098152916,-0.0738719657319853
2020-03-09,-0.0535071456640578,-0.10201475143530146,-0.7266123373358059,-0.17723445186667652,-0.04528255914159414,-0.053621074128284436,-0.09421196637711905,-0.25131446375986044,-0.1425630471527139,-0.05777766264080712,-0.3450348790491251
2020-03-10,0.005305089358182302,0.053039012899507874,0.10666853988937666,0.039940995767277554,0.0033033669171394528,0.009838473114371143,0.02225334244688522,0.0,0.03768966800452263,0.022059642658590353,0.028974223686960555
2020-03-11,-0.11580085013883526,-0.05561165329112381,-0.021403989997066414,-0.03387050497983953,-0.0545966834488301,-0.07249550103528873,-0.06257228069580914,0.0,-0.04840856139445879,-0.10536058336873483,-0.060737970950337554
2020-03-12,-0.16543522244220096,-0.18634815424423068,-0.12654716868741048,-0.1803681671226575,-0.10347035699203334,-0.15766566649774374,-0.1866738554445192,-0.154150706436475,-0.1792866151521014,-0.11778290265281757,-0.17311554860960615
2020-03-13,-0.11370265347157033,0.10870677682275699,0.1418072943079289,0.18802042083579812,-0.07160197836639233,-0.16625413028946165,0.041813266241171106,0.28768207245178085,0.15679176961648078,-0.15984873141180234,0.1282915554121432
2020-03-16,0.09245034244770403,-0.1975821406648919,-0.1813604353895992,-0.1269202807206563,0.05559476071775151,0.1591869696156761,-0.11969838758713756,-0.13353136601530594,-0.13213949935916977,0.10375911827081637,-0.3182019330915755
2020-03-17,0.16870500083727752,-0.0338079645185909,-0.22892392593007382,-0.0042049954890777145,0.0928093155887074,0.18113888207593132,-0.051569677006780626,0.0,-0.009722949437539093,0.18392295418096458,-0.10813444550899128
2020-03-18,-0.21261445003151727,-0.08414464738772767,-0.19545085318282251,-0.10779231576701526,-0.11396477759533552,-0.13437711831371948,-0.2735641621452117,-0.154150706436475,-0.05489078576871326,-0.15548488762578216,-0.16397240866221793
2020-03-19,0.08597168452340462,0.0904405864852599,0.0388817514957018,0.0550702618305647,0.038877985223820376,-0.0274459507901534,-0.008342058293343727,0.15415070643647494,0.042767411685789763,-0.0023391836631506497,0.057421054375202486
2020-03-20,-0.08846862179975469,-0.05151355349324251,0.012631835249782387,0.02819397869353054,-0.022969620513037324,-0.10054126590165952,-0.053776416898333214,0.0,0.025869826280826336,-0.12985800116284824,0.0814153771187214
2020-03-23,0.0998453522307896,-0.048900273402408254,-0.016878122262197592,-0.07217891520767077,0.10083473162635509,0.1262937781680456,-0.1798935819211026,-0.154150706436475,-0.10169086070734605,0.11332857586406697,0.0016447748785817806
2020-03-24,0.09077503890428341,0.18334901662914554,0.08949058535738202,0.1329146618831975,0.11765089765125886,0.11211726750712381,0.07637298442152995,0.15415070643647494,0.13081606277483654,0.099629905812652,0.11769169538057424
2020-03-25,0.07366511083218776,0.07360356758601196,0.09989814901947772,0.030271301694299906,-0.03879796791618598,0.009049827058433975,0.03610495007158403,0.0,0.08332544263824211,0.0064447094200802335,0.04149385491846049
2020-03-26,-0.0471600651935745,0.010086117618632805,-0.06547786689025745,0.032964613209826306,0.009115833661607483,-0.016654382874216226,-0.03243528579081083,0.0,0.004439752149237653,-0.019460085643345313,0.02628084585669858
2020-03-27,-0.07736351513057808,-0.07220262179763941,-0.12391086748660231,-0.07601727534462674,-0.024248060323335072,-0.1062091037714718,0.02888294676105137,0.0,-0.0486044070927142,-0.10584578858247352,-0.09517366722303862
2020-03-30,-0.06280084077055076,0.07573824510352409,0.025211495542775488,0.027405973924677505,0.014765920685649475,-0.02231846055128583,0.015303451069592352,0.0,0.01710451287539208,-0.03043662934991669,0.16566716178647756
